REFERENCE,PLACENAME,DESIGNATION,STATUS,GAZETTE DATE,GEOGRAPHICAL NAME,PREVIOUS NAMES,GNB FILE,LGA,APPROX. AGD66 LAT,APPROX. AGD66 LONG,APPROX. GDA94 LAT,APPROX. GDA94 LONG,AGD66 TOPO MAP,1:100000 MAP NAME,1:100000 MAP NO,PARISH,COUNTY,DESCRIPTION,MEANING,ORIGIN,HISTORY
3108,The Basin,BAY,ASSIGNED,21st January 1977,"",Yachtmans Paradise,"",PITTWATER,-33  36  30, 151  17  00,-33  36  24, 151  17  04,BROKEN BAY,SYDNEY,9130,BROKEN BAY,CUMBERLAND,"The innermost bay of Coasters Retreat, about 3 km S of Commodore Hts.           ",   ,    ,  
3111,The Basin,BAY,VARIANT,"",Bongin Bongin Bay,"","","",-33  40  00, 151  19  00,-33  39  54, 151  19  04,"",SYDNEY,9130,"","",           ,   ,    ,  
3112,The Basin,BAY,VARIANT,"",Collaroy Basin,"","","",-33  44  00, 151  18  00,-33  43  54, 151  18  04,"",SYDNEY,9130,"","",           ,   ,    ,  
26901,The Caves,BAY,VARIANT,"",Caves Bay,"","","",-33  32  00, 151  24  30,-33  31  54, 151  24  34,"",SYDNEY,9130,"","",           ,   ,    ,  
27624,The Creel,BAY,VARIANT,"",Creel Bay,"","","",-36  21  00, 148  36  00,-36  20  54, 148  36  04,KALKITE MOUNTAIN,BERRIDALE,8625,"","",           ,   ,    ,  
30014,The Hole,BAY,VARIANT,"",Mannering Bay,"","","",-33  10  00, 151  31  00,-33  09  54, 151  31  04,"",GOSFORD,9131,"","",           ,   ,    ,  
35039,Maceys Bay,BAY,ASSIGNED,2nd January 1976,"","","",YASS VALLEY,-34  59  30, 148  41  00,-34  59  24, 148  41  04,YASS,YASS,8628,NARRANGULLEN,COWLEY,A bay about 5km SW by S of Bluebell Hill locality and about 7km ESE of Barren Jack Trig Station.  It is situated on Lake Burrinjuck.         ,   ,    ,  
35092,Mackenzies Bay,BAY,ASSIGNED,11th March 1977,"",Grama Grama Bay,"",WAVERLEY,-33  54  00, 151  16  00,-33  53  54, 151  16  04,BOTANY BAY,SYDNEY,9130,ALEXANDRIA,CUMBERLAND,A bay about 1 km SW by W of Ben Buckler and about 1 km SW by S of Bondi Bay.          ,   ,    ,  
35369,Mcgraths Bay,BAY,ASSIGNED,3rd December 1976,"","","",GREAT LAKES,-32  25  00, 152  20  00,-32  24  54, 152  20  04,MYALL LAKE,BULAHDELAH,9333,EURUNDEREE,GLOUCESTER,A bay about 2 km W by N of Johnsons Island and about 3 km ENE of Toms Hill.          ,   ,    ,  
35749,Maitland Bay,BAY,ASSIGNED,21st January 1977,"","","",GOSFORD,-33  32  00, 151  23  30,-33  31  54, 151  23  34,BROKEN BAY,SYDNEY,9130,KINCUMBER,NORTHUMBERLAND,A bay on the coast about 1 km NNW of Maitland Bumbora and about 2 km W of Bombi Point.          ,   ,    ,  
35779,Majors Bay,BAY,ASSIGNED,19th November 1976,"","","",CANADA BAY,-33  50  00, 151  06  00,-33  49  54, 151  06  04,PARRAMATTA RIVER,SYDNEY,9130,CONCORD,CUMBERLAND,A bay about 3 km S of Ryde and about 4 km WNW of Drummoyne.           ,   ,"Is believed to have derived its name from Major Nichols who resided there for many years. Maritime Services Board,Port of Sydney,Vol9 No 3 sept 1965. Named after Major Nichols - a resident P. 324 (Infor. from RAHS Journal Vol 31 Pt 5)",  
35820,Malabar Bay,BAY,VARIANT,"",Long Bay,"","","",-33  58  00, 151  15  00,-33  57  54, 151  15  04,"",SYDNEY,9130,"","",           ,   ,    ,  
35901,Maloneys Bay,BAY,ASSIGNED,19th December 1986,"","","",SHELLHARBOUR,-34  36  00, 150  53  00,-34  35  54, 150  53  04,ALBION PARK,KIAMA,9028,TERRAGONG,CAMDEN,A bay about 5 km East of Dunmore and about 5 km NE by E of Minnamurra.           ,   ,    ,  
35915,Malua Bay,BAY,ASSIGNED,29th October 1971,"","","",EUROBODALLA,-35  48  00, 150  14  00,-35  47  54, 150  14  04,MOGO,BATEMANS BAY,8926,BATEMAN,ST VINCENT,"A bay on the east coast of NSW between Malua Head, and Pretty Point.           ",   ,    ,  
36127,Mannering Bay,BAY,ASSIGNED,7th January 1972,"",The Hole,"",WYONG,-33  10  00, 151  31  00,-33  09  54, 151  31  04,CATHERINE HILL BAY,GOSFORD,9131,WALLARAH,NORTHUMBERLAND,A bay formed at the southern end of Wyee Bay.  About 1 1/2 km by 1/2 km.          ,   ,    ,  
36186,Mansion Bay,BAY,ASSIGNED,22nd June 1973,"","","",SUTHERLAND SHIRE,-34  04  00, 151  05  00,-34  03  54, 151  05  04,PORT HACKING,PORT HACKING,9129,SUTHERLAND,CUMBERLAND,A bay about 3 km E by N of Audley.           ,   ,    ,  
36270,Marcella Bay,BAY,ASSIGNED,17th September 1976,"","","",GREATER TAREE,-32  11  30, 152  28  00,-32  11  24, 152  28  04,COOLONGOLOOK,BULAHDELAH,9333,WANG WAUK,GLOUCESTER,A bay within Wallis Lake about 1 km NNW of Mosquito Island.           ,   ,    ,  
36435,Maroubra Bay,BAY,ASSIGNED,11th March 1977,"","","",RANDWICK,-33  57  00, 151  15  30,-33  56  54, 151  15  34,BOTANY BAY,SYDNEY,9130,BOTANY,CUMBERLAND,A bay about 2 km N by E of Long Bay and about 1 km S of Lurline Bay.           ,   ,    ,  
36667,Marys Bay,BAY,ASSIGNED,29th June 1973,"","","",KEMPSEY,-31  05  00, 152  47  00,-31  04  54, 152  47  04,KEMPSEY,KEMPSEY,9435,KALATEENEE,DUDLEY,A bay about 2 km W of Euroka and about 2 km E by S of Aldavilla.           ,   ,    ,  
36831,Mayers Bay,BAY,ASSIGNED,14th January 1977,"","","",GREAT LAKES,-32  24  00, 152  20  00,-32  23  54, 152  20  04,MYALL LAKE,BULAHDELAH,9333,EURUNDEREE,GLOUCESTER,A bay about 3 km W by S of Boolambayte Hill and about 3 km N of Pats Head.          ,   ,    ,  
37051,Mella Mella Bay,BAY,ASSIGNED,22nd December 1967,"","","",SHOALHAVEN,-35  15  00, 150  28  00,-35  14  54, 150  28  04,"",ULLADULLA,8927,CONJOLA,ST VINCENT,A bay in the eastern shoreline of the northern branch of Conjola Lake extending in a general north east direction for about 1.25 km and being about 400 yards wide. It is about 1.5 km north west of Conjola Hill.        ,   ,    ,  
37922,Mill Bay,BAY,ASSIGNED,21st June 1985,"","","",GREAT LAKES,-32  23  00, 152  21  00,-32  22  54, 152  21  04,MYALL LAKE,BULAHDELAH,9333,TOPI TOPI,GLOUCESTER,A bay situated about 4 km WSW of Burraduc and to the East of Mayers Bay.          ,   ,A sawmill is said to have been located here. An old railway from the forests to the north west ended near here.   ,  
38482,Mobbs Bay,BAY,ASSIGNED,21st May 1971,"","","",BALLINA,-28  53  00, 153  34  00,-28  52  54, 153  34  04,EMPIRE VALE,BALLINA,9640,SOUTH BALLINA,RICHMOND,Indentation in the southern bank of the Richmond River opposite Ballina.          ,   ,    ,  
39017,Mooney Mooney Bay,BAY,ASSIGNED,19th November 1976,"",Big Bay,"",GOSFORD,-33  31  30, 151  12  00,-33  31  24, 151  12  04,COWAN,SYDNEY,9130,COWAN,NORTHUMBERLAND,A bay about 1 km S of Snake Island and about 1 km NE by N of Peat Island.          ,   ,    ,  
39132,Moores Bay,BAY,ASSIGNED,2nd January 1976,"","","",YASS VALLEY,-34  58  30, 148  41  30,-34  58  24, 148  41  34,YASS,YASS,8628,NARRANGULLEN,COWLEY,A bay about 8km E by S of Barren Jack Trig Station and about 3km SW of Bluebell Hill.  It is situated on Lake Burrinjuck.         ,   ,    ,  
39353,Morning Bay,BAY,ASSIGNED,31st August 1984,"",Towlers Bay,GNB2550,WARRINGAH,-33  37  30, 151  17  00,-33  37  24, 151  17  04,BROKEN BAY,SYDNEY,9130,BROKEN BAY,CUMBERLAND,A bay within Pittwater about 3 km W of Paradise Beach and about 3km W of Paradise Beach and about 5 km SE of Challenger Head.          ,   ,"Morning Bay was named by Captain F W Sidney when he surveyed Pittwater between 1868 and 1872, and is shown on Admiralty Chart BA 2166.  (See also Agenda for Board's meeting on 25 June 1984, pp.25-26)  (Swancott C 19.., `Dee Why to Barrenjoey and Pittwater`, p.10)","The bay was originally called `Morning Bay`.  Then on 21 January 1977, the name `Towlers Bay ` was assigned.  `Morning Bay` was assigned for the bay on 31 August 1984."
39401,Morrisons Bay,BAY,ASSIGNED,19th November 1976,"","",GNB307,RYDE,-33  50  00, 151  06  00,-33  49  54, 151  06  04,PARRAMATTA RIVER,SYDNEY,9130,HUNTERS HILL,CUMBERLAND,A bay on Parramatta River about 2 km SSE of Ryde.           ,   ,"MORRISONS BAY - named after Alexander Morrison, settler P. 326 p. 396 (Infor. from RAHS Journal Vol 31 Pt 5 & 6)   ",  
39420,Mort Bay,BAY,ASSIGNED,18th February 1977,"",Morts Bay; Waterview Bay (R),"",LEICHHARDT,-33  51  00, 151  11  00,-33  50  54, 151  11  04,PARRAMATTA RIVER,SYDNEY,9130,PETERSHAM,CUMBERLAND,A bay within Port Jackson about 1 km W by N of Millers Point.           ,   ,"Was named after Thomas Sutcliffe Mort,who founded the ship building industry. Maritime Services Board,Port of Sydney, Vol9 No3 Sept.1965.  ",Morts dry dock built in 1854 opened onto this bay. Same ref. as above. 
39455,Morts Bay,BAY,VARIANT,"",Mort Bay,"","","",-33  51  00, 151  11  00,-33  50  54, 151  11  04,"",SYDNEY,9130,"","",           ,   ,    ,  
39504,Mosman Bay,BAY,VARIANT,"",Mosmans Bay,"","","",-33  50  00, 151  13  00,-33  49  54, 151  13  04,"",SYDNEY,9130,"","",           ,   ,"MOSMAN BAY - first named Great Sirius Cove, then named after Archibald Mosman, a land owner. P. 331. (Infor. from RAHS Journal Vol 31 Pt 5 Vol 4. P 446.  ",  
39505,Mosman Bay or Goram-Bullagong,BAY,VARIANT,"",Mosmans Bay,"","","",-33  50  00, 151  13  00,-33  49  54, 151  13  04,"",SYDNEY,9130,"","",           ,   ,    ,  
39513,Mosmans Bay,BAY,DUALASSIGNED,7th January 2005,Goram Bullagong,"Great Sirius Cove (R),; Mosman Bay or Goram - Bullagong (R); Mosman Bay (Nr)",GNB5005,NORTH SYDNEY,-33  50  00, 151  13  00,-33  49  54, 151  13  04,PARRAMATTA RIVER,SYDNEY,9130,WILLOUGHBY,CUMBERLAND,A bay within Port Jackson about 1 km S of Cremorne Junction. This feature is dual named.          ,   ,    ,  
39518,Mosquito Bay,BAY,ASSIGNED,24th December 1971,"","","",EUROBODALLA,-35  47  00, 150  13  00,-35  46  54, 150  13  04,MOGO,BATEMANS BAY,8926,BATEMAN,ST VINCENT,Bay within Batemans Bay about 1 km N of village of Malua Bay.           ,   ,    ,  
40083,Mud Bay,BAY,ASSIGNED,22nd December 1972,"","","",HASTINGS,-31  41  00, 152  46  00,-31  40  54, 152  46  04,LAURIETON,CAMDEN HAVEN,9434,CAMDEN HAVEN,MACQUARIE,A bay in Watson Taylors Lake about 4 km SSW of Town of Laurieton.           ,   ,    ,  
40092,Muddy Bay,BAY,VARIANT,"",Koonawarra Bay,"","",WOLLONGONG,-34  30  30, 150  49  00,-34  30  24, 150  49  04,"",KIAMA,9028,"","",           ,   ,    ,  
40741,Murphys Bay,BAY,ASSIGNED,4th January 1974,"","","",GOSFORD,-33  28  16, 151  19  08,-33  28  10, 151  19  12,GOSFORD,GOSFORD,9131,PATONGA,NORTHUMBERLAND,A bay about 2 km N of Woy Woy and about 2 km S by E of Tascott.           ,   ,"Named after Andrew Murphy, who pioneered native seed exports, was involved in the early lime-burning trade, also kept holiday cottages.   ",  
41227,Mystery Bay,BAY,ASSIGNED,18th August 1972,"","","",EUROBODALLA,-36  18  16, 150  08  07,-36  18  10, 150  08  11,CENTRAL TILBA,NAROOMA,8925,NAROOMA,DAMPIER,"A bay on the south coast, lying on the NW of Boat Harbour Point and 5.5 km E by N of Central Tilba.          ",   ,"Named after the unexplained disappearance of five men, including the government geologist Lamont Young, on the 10 October 1880. Their empty boat was found in mysterious circumstances,  abandoned and wrecked,  on a reef in the bay. ",  
41232,Myuna Bay,BAY,ASSIGNED,24th October 1975,"",Pantaloon Bay,"",LAKE MACQUARIE,-33  04  00, 151  33  15,-33  03  54, 151  33  19,SWANSEA,LAKE MACQUARIE,9231,WALLARAH,NORTHUMBERLAND,A bay about 3 km E of the village of Eraring and about 2.5 km W by W of Arcadia Vale.          ,For: 'clear water'. (McCarthy. 1963).   ,Aboriginal.    ,  
41698,Native Dog Bay,BAY,ASSIGNED,20th June 1975,"","","",GOSFORD,-33  27  30, 151  14  00,-33  27  24, 151  14  04,GUNDERMAN,GOSFORD,9131,COWAN,NORTHUMBERLAND,A bay in Mooney Mooney Creek about 4 km S by W of Dublin Jacks Hill and about 6 km E by S of Never Fail Island.          ,   ,    ,  
41939,Nelson Bay,BAY,ASSIGNED,11th March 1977,"",Nelsons Bay,"",WAVERLEY,-33  54  30, 151  16  00,-33  54  24, 151  16  04,BOTANY BAY,SYDNEY,9130,ALEXANDRIA,CUMBERLAND,A bay about 1 km SW by S of Bondi Bay and about 2 km E of Queens Park.           ,   ,    ,  
41940,Nelson Bay,BAY,ASSIGNED,17th September 1976,"","","",PORT STEPHENS,-32  43  00, 152  08  30,-32  42  54, 152  08  34,PORT STEPHENS,PORT STEPHENS,9332,TOMAREE,GLOUCESTER,A bay within Port Stephens about 2 km NE of Gan Gan Hill.           ,   ,    ,  
41955,Nelsons Bay,BAY,VARIANT,"",Nelson Bay,"","","",-33  54  30, 151  16  00,-33  54  24, 151  16  04,"",SYDNEY,9130,"","",           ,   ,    ,  
42008,Neranie Bay,BAY,ASSIGNED,14th January 1977,"","","",GREAT LAKES,-32  24  00, 152  27  00,-32  23  54, 152  27  04,MYALL LAKE,BULAHDELAH,9333,EURUNDEREE,GLOUCESTER,A bay in Myall Lake about 3km NW by N of Bridge Hill and about 2km SE by E of Bungwahl Trig Station.          ,   ,    ,  
42069,Neutral Bay,BAY,ASSIGNED,18th February 1977,"",Neutral Harbour or Wurri-Birri Bay,"",NORTH SYDNEY,-33  50  00, 151  13  00,-33  49  54, 151  13  04,PARRAMATTA RIVER,SYDNEY,9130,WILLOUGHBY,CUMBERLAND,A bay within Port Jackson about 3 km SE of St Leonards.           ,   ,"Govenor Phillip named the bay after directing that all foreign ships entering the harbour should anchor in a 'neutral' place.  [John Thogersen, Sydney Harbour Its Place Names]  ",  
42075,Neutral Harbour or Wurri-Birri,BAY,VARIANT,"",Neutral Bay,"","","",-33  50  00, 151  13  00,-33  49  54, 151  13  04,"",SYDNEY,9130,"","",           ,   ,    ,  
42080,Neverfail Bay,BAY,ASSIGNED,23rd November 1973,"","","",KOGARAH,-33  59  40, 151  04  20,-33  59  34, 151  04  24,BOTANY BAY,SYDNEY,9130,ST GEORGE,CUMBERLAND,A bay on the Georges River S of Oatley.           ,   ,    ,  
42081,Neverfail Bay,BAY,ASSIGNED,19th November 1976,"","","",HORNSBY,-33  34  30, 151  08  00,-33  34  24, 151  08  04,COWAN,SYDNEY,9130,BEROWRA,CUMBERLAND,A bay about 2 km NE by E of Calabash Bay and about 3 km SSE of Coba Trig. Station.          ,   ,    ,  
42204,New Gulch,BAY,ASSIGNED,18th April 1980,"",The New Gulch,"",LORD HOWE,-31  30  00, 159  02  00,-31  29  54, 159  02  04,LORD HOWE ISLAND,LORD HOWE ISLAND,,LORD HOWE ISLAND,LORD HOWE ISLAND,A bay W of Mount Eliza and about 1 km N by W of North Head.           ,   ,    ,  
42207,Newham Bay,BAY,ASSIGNED,26th May 1978,"","","",BOOROWA,-33  56  00, 148  59  00,-33  55  54, 148  59  04,COWRA,COWRA,8630,WYANGALA,KING,A Bay on Lake Wyongala. It is about 2 km ENE of Steel Head and 1 km S of Round Hill.          ,   ,Named after Pioneer in the area.    ,  
42404,Night Bay,BAY,VARIANT,"",Lovett Bay,"","","",-33  38  00, 151  16  00,-33  37  54, 151  16  04,"",SYDNEY,9130,"","",           ,   ,    ,  
42416,Nijong Bay,BAY,ASSIGNED,29th June 1973,"","","",WOLLONGONG,-34  32  00, 150  49  00,-34  31  54, 150  49  04,ALBION PARK,KIAMA,9028,CALDERWOOD,CAMDEN,A bay about 4 km W of Bevans Island and about 4 km SSE of Dapto.           ,   ,    ,  
42702,North Arm Cove,BAY,ASSIGNED,17th September 1976,"","","",PORT STEPHENS,-32  40  00, 152  03  00,-32  39  54, 152  03  04,PORT STEPHENS,PORT STEPHENS,9332,SUTTON,GLOUCESTER,A bay within Port Stephens about 7 km N of Bulls Island.           ,   ,    ,This name appears on the map prepared by Captain P King in 1845.  
42716,North Bay,BAY,ASSIGNED,18th April 1980,"",Callaams Bay; Callans Bay; Callum Bay,"",LORD HOWE,-31  31  00, 159  02  00,-31  30  54, 159  02  04,LORD HOWE ISLAND,LORD HOWE ISLAND,,LORD HOWE ISLAND,LORD HOWE ISLAND,A bay between the coral reef and Dawsons Point about 800 m SW of Kim Lookout.          ,   ,    ,  
43142,Nullica Bay,BAY,ASSIGNED,6th April 1973,"","","",BEGA VALLEY,-37  05  00, 149  53  00,-37  04  54, 149  53  04,EDEN,EDEN,8823,EDEN,AUCKLAND,"A bay, forming the South West portion of Twofold Bay, 3 km South West of the Town of Eden.          ",   ,    ,  
43742,Oatley Bay,BAY,ASSIGNED,11th March 1977,"","","",KOGARAH,-33  59  30, 151  05  00,-33  59  24, 151  05  04,BOTANY BAY,SYDNEY,9130,ST GEORGE,CUMBERLAND,A bay off the Georges River about 3 km W by N of Blakehurst and about 1km NE by N of Froghollow Bay.          ,   ,    ,  
43762,Obelisk Bay,BAY,ASSIGNED,16th July 1976,"","","",MOSMAN,-33  50  00, 151  15  30,-33  49  54, 151  15  34,SYDNEY HEADS,SYDNEY,9130,WILLOUGHBY,CUMBERLAND,A bay N of Georges Head about 2 km NNW of Vaucluse Point.           ,   ,OBELISK BAY - derived from obelisk erected as a steering mark. P. 332. (Infor. from RAHS Journal Vol 31 part 5)                           Vol 4 page 443 ,  
43907,Ohmas Bay,BAY,ASSIGNED,28th January 1977,"","",GNB1477,GREATER TAREE,-32  10  00, 152  29  00,-32  09  54, 152  29  04,COOLONGOLOOK,BULAHDELAH,9333,TUNCURRY,GLOUCESTER,A bay about 1 km SSW of Tuncurry and about 7 km N by E of Coomba.           ,   ,Named after Adolph Ohma who had an association of approximately seventy years with this area.  (Ohma H letter dated 14 December 1976)   ,  
43967,Old Gulch,BAY,ASSIGNED,18th April 1980,"",The Gulch; Collins Cove,"",LORD HOWE,-31  30  00, 159  02  00,-31  29  54, 159  02  04,LORD HOWE ISLAND,LORD HOWE ISLAND,,LORD HOWE ISLAND,LORD HOWE ISLAND,"A bay east of Mount Eliza, between Fishy Point and Curio Point.           ",   ,    ,  
43991,Old Mangrove Bay,BAY,ASSIGNED,12th May 1978,"","",GNB1622,PITTWATER,-33  39  00, 151  18  00,-33  38  54, 151  18  04,MONA VALE,SYDNEY,9130,NARRABEEN,CUMBERLAND,A bay within Pittwater about 3 km SE of Scotland Island.           ,   ,"The bay contains several stands of numerous mangrove trees, several of these being extremely tall and old.   ",  
44052,O'Neills Bay,BAY,ASSIGNED,12th June 1981,"","","",SNOWY RIVER,-36  06  00, 148  48  00,-36  05  54, 148  48  04,CADDIGAT CREEK,BERRIDALE,8625,ADAMINIBY,WALLACE,A bay within Lake Eucumbene and about 3 km SSW of Queengallery Trig. Station and about 4 km NW of Monaro Point.          ,   ,    ,  
44077,Olga Bay,BAY,ASSIGNED,19th November 1976,"","","",HORNSBY,-33  32  30, 151  11  00,-33  32  24, 151  11  04,COWAN,SYDNEY,9130,COWAN,CUMBERLAND,A bay about 4km NW of Brooklyn and about 2 km W by S of Spectacle Island.          ,   ,    ,  
44160,One Tree Bay,BAY,ASSIGNED,21st November 1969,"","","",SHOALHAVEN,-35  08  00, 150  35  00,-35  07  54, 150  35  04,CURRARONG,JERVIS BAY,9027,FARNHAM,ST VINCENT,A bay in St. Georges Basin into which Booroowungan Creek flows about 2 1/2 miles NNW of Sussex Inlet.          ,   ,    ,  
44552,Oyster Bay,BAY,ASSIGNED,4th May 1973,"","","",SUTHERLAND SHIRE,-34  00  00, 151  06  00,-33  59  54, 151  06  04,PORT HACKING,PORT HACKING,9129,SUTHERLAND,CUMBERLAND,A bay between Kangaroo Point and Caravan Head about 3.5 km NNE of Sutherland.          ,   ,    ,  
44757,Paling Fence Bay,BAY,ASSIGNED,17th September 1976,"","","",GREAT LAKES,-32  15  00, 152  28  00,-32  14  54, 152  28  04,COOLONGOLOOK,BULAHDELAH,9333,FORSTER,GLOUCESTER,A bay within Wallis Lake about 5 km SE by S of Rose Point.           ,   ,    ,  
44812,Palmers Bay,BAY,ASSIGNED,3rd December 1976,"","","",GREAT LAKES,-32  28  00, 152  22  00,-32  27  54, 152  22  04,MYALL LAKE,BULAHDELAH,9333,EURUNDEREE,GLOUCESTER,A bay in Myall Lake about 2 km SE by E of McGraths Islands and about 3 km SW bY W of Limestone Hill.          ,   ,"Named after the lone survivor of the shipwreok, of Fiona arona around 1880, who settled in the area.   ",  
44919,Pantaloon Bay,BAY,VARIANT,"",Myuna Bay,"","","",-33  04  00, 151  34  00,-33  03  54, 151  34  04,"",LAKE MACQUARIE,9231,"","",           ,   ,    ,  
45055,Parks Bay,BAY,ASSIGNED,29th August 1975,"","","",GOSFORD,-33  28  43, 151  19  16,-33  28  37, 151  19  20,GOSFORD,GOSFORD,9131,PATONGA,NORTHUMBERLAND,A bay in Brisbane Water about 2 km W by S of Mount Pleasant and about 1 km NNW of the town Woy Woy.          ,   ,    ,  
45147,Parsley Bay,BAY,VARIANT,"",Fisher Bay,"","","",-33  48  00, 151  14  00,-33  47  54, 151  14  04,"",SYDNEY,9130,"","",           ,   ,    ,  
45148,Parsley Bay,BAY,ASSIGNED,8th October 1976,"","","",HORNSBY,-33  33  00, 151  14  00,-33  32  54, 151  14  04,COWAN,SYDNEY,9130,COWAN,CUMBERLAND,A bay about 2 km NW by W of Shelly Beach and about 2 km E of Bywater.           ,   ,PARSLEY BAY - name derived from native parsley growing there. P. 334. Infor. from RAHS Journal Vo. 31 Pt 5.   ,  
45149,Parsley Bay,BAY,ASSIGNED,16th July 1976,"","","",WOOLLAHRA,-33  51  00, 151  16  30,-33  50  54, 151  16  34,SYDNEY HEADS,SYDNEY,9130,ALEXANDRIA,CUMBERLAND,A bay within Sydney Harbour about 1km NW by W of Macquarie Lighthouse trig station.          ,   ,"Although there is little evidence, it is said that Parsely Bay was named after a man named Parsley who was granted 80 acres at a site as being 'at the head of Parsely Bay' Maritime Services Board,Port of Sydney, Vo19 No2 Sept 1965. ",PARSLEY BAY - named after a Private Parsley. P. 316. (Infor. from RAHS  Journal Vol 31 Pt 5) 
45196,Pasture Bay,BAY,ASSIGNED,12th June 1981,"","","",SNOWY RIVER,-36  08  00, 148  45  00,-36  07  54, 148  45  04,WAMBROOK,BERRIDALE,8625,BUCKENDERRA,WALLACE,A bay within Lake Eucumbene about 2 km E by S of Quarry Point and about 2 km N of Clover Point.          ,   ,    ,  
45232,Pats Bay,BAY,ASSIGNED,21st November 1969,"","","",SHOALHAVEN,-35  06  00, 150  35  00,-35  05  54, 150  35  04,CURRARONG,JERVIS BAY,9027,FARNHAM,ST VINCENT,"A small bay in St. Georges Basin, between Tallyan Point and Pelican Point about 0.75 km E of Basin View.          ",   ,    ,  
45290,Peach Tree Bay,BAY,ASSIGNED,18th February 1977,"","","",MANLY,-33  48  00, 151  14  00,-33  47  54, 151  14  04,PARRAMATTA RIVER,SYDNEY,9130,MANLY COVE,CUMBERLAND,A bay within Middle Harbour about 1 km NNE of Fig Tree Point.           ,   ,    ,  
45402,Pearl Bay,BAY,ASSIGNED,25th February 1977,"","","",MOSMAN,-33  48  00, 151  14  00,-33  47  54, 151  14  04,PARRAMATTA RIVER,SYDNEY,9130,WILLOUGHBY,CUMBERLAND,A bay within Middle Harbour about 1 km SE by E of Seaforth Bluff.           ,   ,PERAL BAY - probably named because it is one of the game of Sydney Harbour. P. 333. (Infr. from RAHS Journal Vol 31 Pt 5)  ,  
45427,Peats Bight,BAY,ASSIGNED,8th October 1976,"","","",HORNSBY,-33  32  30, 151  10  00,-33  32  24, 151  10  04,COWAN,SYDNEY,9130,COWAN,CUMBERLAND,A bay about 2 km NW of Point Loop and about 3 km East of Shuttle Trig. Station.          ,   ,Named after George Peat who obtained a grant of 50 acres here in 1836 and who also operated a lugger as a ferry.   ,  
45869,Phegans Bay,BAY,ASSIGNED,4th January 1974,"","","",GOSFORD,-33  29  22, 151  18  38,-33  29  16, 151  18  42,GOSFORD,GOSFORD,9131,PATONGA,NORTHUMBERLAND,A bay within Woy Woy Inlet about 1 km W of Woy Woy.           ,   ,    ,  
45977,Picnic Bay,BAY,ASSIGNED,22nd December 1967,"","","",SHOALHAVEN,-35  16  00, 150  28  00,-35  15  54, 150  28  04,MILTON,ULLADULLA,8927,CONJOLA,ST VINCENT,"A small bay in the north eastern shoreline of the southern branch of Conjola Lake, being about 300 yards long by about 150 yards wide. It is north of Robert Point about 1/2 mile.         ",   ,    ,  
46261,Pindimar Bay,BAY,ASSIGNED,17th September 1976,"","","",PORT STEPHENS,-32  40  00, 152  07  00,-32  39  54, 152  07  04,PORT STEPHENS,PORT STEPHENS,9332,TOMAREE,GLOUCESTER,A bay within Port Stephens E of Cut Feet Island.           ,   ,    ,  
46473,Pinta Bay,BAY,ASSIGNED,19th November 1976,"",Trafalgar Bay,"",HORNSBY,-33  36  00, 151  12  00,-33  35  54, 151  12  04,COWAN,SYDNEY,9130,COWAN,CUMBERLAND,A bay about 3 km WNW of Cottage Point and about 3 km E of Cowan Railway Station.          ,   ,    ,  
46577,Pipers Bay,BAY,ASSIGNED,25th July 1975,"","","",GREAT LAKES,-32  14  00, 152  31  00,-32  13  54, 152  31  04,FORSTER,FORSTER,9433,FORSTER,GLOUCESTER,A bay in Wallis Lake about 5 km SW by W of Cape Hawke and about 2km NW by N of Little Snake Island.          ,   ,    ,  
46627,Pithungnar Bay,BAY,ASSIGNED,7th September 1973,"",Pith-Thung-Nar Bay,"",WOLLONGONG,-34  31  00, 150  49  00,-34  30  54, 150  49  04,ALBION PARK,KIAMA,9028,CALDERWOOD,CAMDEN,A bay about 5 km W by N of Windang and about 2 km SE of the suburb of Lakelands.          ,   ,    ,  
46628,Pith-Thung-Nar Bay,BAY,VARIANT,"",Pithungnar Bay,"","",WOLLONGONG,-34  31  00, 150  49  00,-34  30  54, 150  49  04,"",KIAMA,9028,"","",           ,   ,    ,  
46807,Pocket Bay,BAY,ASSIGNED,24th May 1968,"","","",WOLLONDILLY,-33  56  00, 150  26  00,-33  55  54, 150  26  04,BIMLOW,KATOOMBA,8930,COOBA,COOK,A bay in Lake Burragorang about 1.25 km south west of Gogongolly Mountain.          ,   ,    ,  
47132,Port Hacking,BAY,ASSIGNED,4th May 1973,"","","",SUTHERLAND SHIRE,-34  04  00, 151  08  00,-34  03  54, 151  08  04,PORT HACKING,PORT HACKING,9129,WATTAMOLLA,CUMBERLAND,A bay extending westerly from a line between the rock baths at Jibbon Street Cronulla ESE to Port Hacking Point including all bays except those in South West Arm between Grahams Point and Costens Point; Hacking River between Grays Point and Danger Point; North West Arm from Mansion Point NNE to the suburb of Gymea Bay near Coopernook Av.; and South of the footbridge across Cabbage Tree Basin in the suburb of Maianbar.     ,   ,"Bass and Flinders first entered this bay, on 30 March 1796. Flinders said the natives called the areaDeeban"" (A voyage to Terra Australis - Matthew Flinders R.N.1814 Vol 1 page XCVII)  """,  
47168,Porto Bay,BAY,ASSIGNED,8th October 1976,"","","",HORNSBY,-33  34  00, 151  13  00,-33  33  54, 151  13  04,COWAN,SYDNEY,9130,COWAN,CUMBERLAND,A bay about 2 km S of Brooklyn and about 3 km NE by N of Jerusalem Bay.          ,   ,    ,  
47177,Portuguese Bay,BAY,ASSIGNED,11th April 1977,"","","",PITTWATER,-33  36  30, 151  18  00,-33  36  24, 151  18  04,BROKEN BAY,SYDNEY,9130,BROKEN BAY,CUMBERLAND,A bay within Pittwater about 1 km N of Longnose Point and about 3 km W by S of Little Head.          ,   ,    ,  
47285,Powder Hulk Bay,BAY,ASSIGNED,19th November 1976,"","","",MANLY,-33  48  00, 151  14  00,-33  47  54, 151  14  04,PARRAMATTA RIVER,SYDNEY,9130,MANLY COVE,CUMBERLAND,A bay within Middle Harbour about 1 km E of Castlecrag.           ,   ,POWDER HULK BAY so named because powder hulks were moored for many Years in the bay. P. 333. (Infr. from RAHS Journal Vol 31 pt 5)   ,  
47353,Pretty Flat Bay,BAY,ASSIGNED,14th January 1977,"","","",GREAT LAKES,-32  26  00, 152  20  00,-32  25  54, 152  20  04,MYALL LAKE,BULAHDELAH,9333,EURUNDEREE,GLOUCESTER,A bay about 3 km E of Toms Hill and about 1 km NW of McGraths Island.           ,   ,    ,  
47374,Pretty Point Bay,BAY,ASSIGNED,29th October 1971,"","","",EUROBODALLA,-35  48  00, 150  14  00,-35  47  54, 150  14  04,MOGO,BATEMANS BAY,8926,BATEMAN,ST VINCENT,A bay on E coast of NSW at S end of Malua Bay.           ,   ,    ,  
47399,Primbee Bay,BAY,ASSIGNED,29th June 1973,"","","",WOLLONGONG,-34  30  00, 150  52  30,-34  29  54, 150  52  34,ALBION PARK,KIAMA,9028,WOLLONGONG,CAMDEN,A bay N of Primbee and about 6 km E of Koonawarra.           ,   ,    ,  
47419,Princes Bay,BAY,ASSIGNED,31st August 1973,"",Dewey Bay,"",LAKE MACQUARIE,-33  01  20, 151  36  20,-33  01  14, 151  36  24,SWANSEA,LAKE MACQUARIE,9231,AWABA,NORTHUMBERLAND,A bay in Lake Macquarie about 2km W by N of Green Point and about 1km SE of Toronto.          ,   ,    ,  
47427,Prince William Henry Bay,BAY,ASSIGNED,18th April 1980,"","","",LORD HOWE,-31  32  00, 159  04  00,-31  31  54, 159  04  04,LORD HOWE ISLAND,LORD HOWE ISLAND,,LORD HOWE ISLAND,LORD HOWE ISLAND,A bay W of Cobbys Corner and about 1400 m form Blackburn Island.           ,   ,Named by Bell in 1788 after Prince William Henry.    ,  
47479,Providence Bay,BAY,DISCONTINUED,"","","","","",-32  37  00, 152  19  00,-32  36  54, 152  19  04,"",PORT STEPHENS,9332,"","",           ,   ,    ,  
47480,Providence Bay,BAY,ASSIGNED,17th September 1976,"",Bennets Bay,"",PORT STEPHENS,-32  41  30, 152  12  00,-32  41  24, 152  12  04,PORT STEPHENS,PORT STEPHENS,9332,TOMAREE,GLOUCESTER,A bay N of Yacaaba Head about 2 km SE of Hawks Nest           ,   ,    ,  
47693,Purrah Bay,BAY,ASSIGNED,29th June 1973,"","","",WOLLONGONG,-34  30  00, 150  50  00,-34  29  54, 150  50  04,ALBION PARK,KIAMA,9028,KEMBLA,CAMDEN,A bay about 4 km W of Primbee and about 3 km E by N of the suburb of Lakelands.          ,   ,    ,  
47712,Pur Pur Bay,BAY,ASSIGNED,29th June 1973,"","","",SHELLHARBOUR,-34  32  30, 150  52  00,-34  32  24, 150  52  04,ALBION PARK,KIAMA,9028,WOLLONGONG,CAMDEN,A bay about 1 km W by N of Windang Island and about 6 km NE of Croom.           ,   ,    ,  
47716,Quakers Hat Bay,BAY,ASSIGNED,19th November 1976,"","","",MOSMAN,-33  49  00, 151  14  00,-33  48  54, 151  14  04,PARRAMATTA RIVER,SYDNEY,9130,WILLOUGHBY,CUMBERLAND,A bay within Long Bay about 1 km NW by N of Spit Junction.           ,   ,QUAKER'S HAT BAY - rock on the point resembled a quakers hat. (P.333. Infr. from RAHSJ Vol 31 Part 5)   ,  
47738,Pyrmont Bay,BAY,ASSIGNED,19th November 1976,"","","",SYDNEY,-33  51  00, 151  11  00,-33  50  54, 151  11  04,PARRAMATTA RIVER,SYDNEY,9130,ST ANDREW,CUMBERLAND,A bay within Darling Harbour about 1 km S by W of Millers Point.           ,   ,    ,  
47849,Quarantine Bay,BAY,ASSIGNED,6th April 1973,"","","",BEGA VALLEY,-37  05  00, 149  53  00,-37  04  54, 149  53  04,EDEN,EDEN,8823,EDEN,AUCKLAND,"A bay on the North West shore of Nullica Bay (Twofold Bay), 3 km. West by South of the Town of Eden.          ",   ,    ,  
47914,Quiberi,BAY,VARIANT,"",Lavender Bay,"","","",-33  50  00, 151  12  00,-33  49  54, 151  12  04,"",SYDNEY,9130,"","",           ,   ,    ,  
47941,Queenscliff Bay,BAY,ASSIGNED,3rd September 1976,"","","",WARRINGAH,-33  47  00, 151  17  30,-33  46  54, 151  17  34,SYDNEY HEADS,SYDNEY,9130,MANLY COVE,CUMBERLAND,A bay about 3 km SW of Brookvale and about 2 km NE by N of Manly.           ,   ,    ,  
47960,Quibray Bay,BAY,ASSIGNED,4th May 1973,"","","",SUTHERLAND SHIRE,-34  01  00, 151  11  00,-34  00  54, 151  11  04,PORT HACKING,PORT HACKING,9129,SUTHERLAND,CUMBERLAND,A bay about 4.5 km NE of North Cronulla.           ,   ,"Recorded as a local name by surveyor Robert Dixon in 1827, believed to be from the Aboriginal name for the area. (Sutherland Shire Council)  ",  
48471,Reardons Bay,BAY,ASSIGNED,2nd January 1976,"","","",YASS VALLEY,-34  54  00, 148  45  30,-34  53  54, 148  45  34,YASS,YASS,8628,WOOLGARLO,HARDEN,A bay about 4km S by E of Sugarbag Hill and about 3km NE by N of Weirs Bluff.  It is situated on Lake Burrinjuck.         ,   ,    ,  
48952,Reef Bay,BAY,ASSIGNED,16th July 1976,"","","",MANLY,-33  48  30, 151  16  30,-33  48  24, 151  16  34,SYDNEY HEADS,SYDNEY,9130,MANLY COVE,CUMBERLAND,A bay within North Harbour about 1 km S of Fairlight.           ,   ,    ,  
48969,Refuge Bay,BAY,ASSIGNED,21st January 1977,"","","",HORNSBY,-33  36  00, 151  15  00,-33  35  54, 151  15  04,BROKEN BAY,SYDNEY,9130,BROKEN BAY,CUMBERLAND,A bay about 1km S of Challenger Head and about 5 km W by N of Soldiers Point.          ,   ,    ,  
48970,Refuge Cove,BAY,ASSIGNED,21st January 1977,"","","",PITTWATER,-33  38  00, 151  18  00,-33  37  54, 151  18  04,MONA VALE,SYDNEY,9130,NARRABEEN,CUMBERLAND,A bay within Pittwater about 1 km E of Scotland Island and about 1 km W by N of Bilgola Plateau.          ,   ,    ,  
49282,Rileys Bay,BAY,ASSIGNED,11th April 1977,"","","",GOSFORD,-33  31  00, 151  21  30,-33  30  54, 151  21  34,BROKEN BAY,SYDNEY,9130,KINCUMBER,NORTHUMBERLAND,A bay within Brisbane Water about 2 km NE by N of Wagstaff and about 3 km SW by W of Bensville.          ,   ,    ,  
49305,Ringlands Bay,BAY,ASSIGNED,7th July 1972,"","","",EUROBODALLA,-36  13  00, 150  06  00,-36  12  54, 150  06  04,NAROOMA,NAROOMA,8925,WAGONGA,DAMPIER,"A bay in Wagonga Inlet between Ringlands Point and Shell Point, about 2 km W of Narooma.          ",   ,    ,  
50002,Rose Bay,BAY,ASSIGNED,16th July 1976,"","","",WOOLLAHRA,-33  52  00, 151  16  00,-33  51  54, 151  16  04,SYDNEY HEADS,SYDNEY,9130,ALEXANDRIA,CUMBERLAND,A bay within Sydney Harbour which is entered between Point Piper and Hermit Point.          ,   ,"It seems that Rose Bay was named in honour of Captian Phillips old friend, Sir George Rose. Maritime Services Board, Port of Sydney, Vol9 No2 Sept 1965.  ",  
50003,Rose Bay,BAY,ASSIGNED,29th September 1972,"","","",BEGA VALLEY,-36  26  00, 150  03  00,-36  25  54, 150  03  04,BERMAGUI,NAROOMA,8925,BERMAGUI,DAMPIER,"A bay in the inlet, Bermagui River, about 3 km W of Bermagui South.           ",   ,    ,  
50432,Rozelle Bay,BAY,ASSIGNED,19th November 1976,"","","",LEICHHARDT,-33  52  00, 151  10  00,-33  51  54, 151  10  04,PARRAMATTA RIVER,SYDNEY,9130,PETERSHAM,CUMBERLAND,A bay within Johnstons Bay about 2 km S of Birchgrove.           ,   ,"There are many theories concerning this name. One that it was derived from a Rozella parrot, another that it was derived from Roselle, a species of Rose mallow. Taking in the last theory, it seems most probable, because of the other names in the area have botanic origin. Maritime Services Board, 'Port of Sydney' Vol 9, No. 3",  
50553,Rushcutters Bay,BAY,ASSIGNED,19th November 1976,"",Kogarah; Kogerrah,"",SYDNEY,-33  52  00, 151  13  00,-33  51  54, 151  13  04,PARRAMATTA RIVER,SYDNEY,9130,ALEXANDRIA,CUMBERLAND,A bay within Port Jackson about 1 km SW of Clark Island.           ,   ,"Seems to be named  because of the convicts who cut the rushes for thatching purposes. Also known as 'Kogarah'by the Natives, Maritime Services Board, Port of Sydney, Vo19 No2 Sept 1965.  ",  
50557,Rushes Bay,BAY,ASSIGNED,12th June 1981,"",Rushs Bay,"",SNOWY RIVER,-36  23  00, 148  39  00,-36  22  54, 148  39  04,JINDABYNE,BERRIDALE,8625,TOWNSEND,WALLACE,A bay on Lake Jindabyne about 3 km NW by N of Jinderbone Trig.station and 2 km NNE of Willow Bay.          ,   ,    ,  
50562,Rushs Bay,BAY,VARIANT,"",Rushes Bay,"","","",-36  23  00, 148  39  00,-36  22  54, 148  39  04,JINDABYNE,BERRIDALE,8625,"","",           ,   ,    ,  
50577,Rushy Plain Bay,BAY,ASSIGNED,12th June 1981,"","","",SNOWY RIVER,-36  09  00, 148  47  00,-36  08  54, 148  47  04,WAMBROOK,BERRIDALE,8625,BUCKENDERRA,WALLACE,A bay within Lake Eucumbene about 1 km E of Plover Island and about 2 km SW of Buckenderra (Trig. Station)          ,   ,    ,  
50603,Russells Bay,BAY,ASSIGNED,3rd December 1976,"","","",GREAT LAKES,-32  24  00, 152  23  00,-32  23  54, 152  23  04,MYALL LAKE,BULAHDELAH,9333,EURUNDEREE,GLOUCESTER,A bay in Myall Lake about 3 km WNW of Corringans Island and about 3 km SE of Red Hill.          ,   ,    ,  
50804,Sailors Bay,BAY,ASSIGNED,19th November 1976,"","","",WILLOUGHBY,-33  48  00, 151  13  00,-33  47  54, 151  13  04,PARRAMATTA RIVER,SYDNEY,9130,WILLOUGHBY,CUMBERLAND,A bay within Middle Harbour about 2 km E by S of Willoughby.           ,   ,    ,  
50970,Salamander Bay,BAY,ASSIGNED,17th September 1976,"","","",PORT STEPHENS,-32  43  00, 152  05  30,-32  42  54, 152  05  34,PORT STEPHENS,PORT STEPHENS,9332,TOMAREE,GLOUCESTER,A bay within Port Stephens about 3 km ESE of Mud Point.           ,   ,    ,  
51016,Salmon Haul,BAY,VARIANT,"",Salmon Haul Bay,"","","",-34  04  00, 151  09  00,-34  03  54, 151  09  04,"",PORT HACKING,9129,"","",           ,   ,    ,  
51017,Salmon Haul Bay,BAY,ASSIGNED,22nd June 1973,"",Salmon Haul,"",SUTHERLAND SHIRE,-34  04  00, 151  09  00,-34  03  54, 151  09  04,PORT HACKING,PORT HACKING,9129,SUTHERLAND,CUMBERLAND,A small bay east of Hungry Point at the southern end of Cronulla Peninsula.          ,   ,Believed to signify a large catch of that type of fish once made there (Sutherland Shire Council)   ,  
51034,Salters Bay,BAY,DISCONTINUED,"","","","","",-32  08  00, 152  28  00,-32  07  54, 152  28  04,"",BULAHDELAH,9333,"","",           ,   ,    ,  
51244,Sandringham Bay,BAY,ASSIGNED,29th August 1969,"","","",ROCKDALE,-34  00  00, 151  09  00,-33  59  54, 151  09  04,PORT HACKING,SYDNEY,9130,ST GEORGE,CUMBERLAND,A small bay on the foreshores of Botany Bay east of Sandringham and south of Dolls Point.          ,   ,    ,  
51269,Sandy Bay,BAY,ASSIGNED,19th November 1976,"","","",HORNSBY,-33  33  30, 151  13  30,-33  33  24, 151  13  34,COWAN,SYDNEY,9130,COWAN,CUMBERLAND,A bay about 2 km W of Croppy Point and about 1 km SE by S of Brooklyn.           ,   ,    ,  
51270,Sandy Bay,BAY,ASSIGNED,16th July 1976,"","","",MANLY,-33  48  30, 151  15  00,-33  48  24, 151  15  04,SYDNEY HEADS,SYDNEY,9130,MANLY COVE,CUMBERLAND,A bay within Middle Harbour about 3 km W by S of Manly.           ,   ,    ,  
52195,Scylla Bay,BAY,ASSIGNED,4th May 1973,"","","",SUTHERLAND SHIRE,-34  00  00, 151  04  00,-33  59  54, 151  04  04,PORT HACKING,PORT HACKING,9129,SUTHERLAND,CUMBERLAND,A bay about 2 km N by E of Jannali.           ,   ,"The Scylla"" was a sea monster in Greek mythology. Originally part of ""Double Bay"""," this section of the bay was then known as ""Mimosa Bay"" from around 1900 before becoming ""Scylla Bay"""
52217,Seal Rocks Bay,BAY,VARIANT,"",Sugarloaf Bay,"","","",-32  26  00, 152  32  00,-32  25  54, 152  32  04,"",FORSTER,9433,"","",           ,   ,    ,  
52276,Secret Bay,BAY,ASSIGNED,1st June 1973,"","","",LAKE MACQUARIE,-33  03  20, 151  35  20,-33  03  14, 151  35  24,SWANSEA,LAKE MACQUARIE,9231,AWABA,NORTHUMBERLAND,A Bay within Eraring Bay about 1 km NW of Balmoral.           ,   ,    ,  
52464,Shallow Bay,BAY,ASSIGNED,17th September 1976,"","","",GREATER TAREE,-32  13  30, 152  26  00,-32  13  24, 152  26  04,COOLONGOLOOK,BULAHDELAH,9333,WALLINGAT,GLOUCESTER,A bay within Wallis Lake about 1 km S of Pitchford Island.           ,   ,    ,  
52519,Shark Bay,BAY,ASSIGNED,17th September 1976,"","","",PORT STEPHENS,-32  45  00, 152  12  00,-32  44  54, 152  12  04,PORT STEPHENS,PORT STEPHENS,9332,TOMAREE,GLOUCESTER,A bay to the north of Point Stephens about 2 km SE by E of Fly Roads.           ,   ,    ,  
52520,Shark Bay,BAY,ASSIGNED,4th January 1974,"","","",CLARENCE VALLEY,-29  22  00, 153  21  30,-29  21  54, 153  21  34,WOOMBAH,WOODBURN,9539,NANEGAI,CLARENCE,"A Bay in the Pacific Ocean, on Ten Mile Beach. About 1km WNW of Woody Bay.          ",   ,    ,  
52521,Shark Bay,BAY,ASSIGNED,16th July 1976,"","","",WOOLLAHRA,-33  51  00, 151  16  00,-33  50  54, 151  16  04,SYDNEY HEADS,SYDNEY,9130,ALEXANDRIA,CUMBERLAND,A bay about 1km W by S of Village Point about 3km SSE of Rocky Point.           ,   ,    ,  
52744,Shell Cove,BAY,ASSIGNED,19th November 1976,"","","",MOSMAN,-33  48  00, 151  15  00,-33  47  54, 151  15  04,PARRAMATTA RIVER,SYDNEY,9130,WILLOUGHBY,CUMBERLAND,A bay within Middle Harbour about 2 km E of Northbridge.           ,   ,    ,  
52922,Shoal Bay,BAY,ASSIGNED,17th September 1976,"","","",PORT STEPHENS,-32  43  00, 152  10  00,-32  42  54, 152  10  04,PORT STEPHENS,PORT STEPHENS,9332,TOMAREE,GLOUCESTER,A bay within Port Stephens W of Tomaree Head.           ,   ,    ,The name SHOAL BAY appeared on maps prepared by John Armstrong in 1826 and by Captain P King in 1845. 
52923,Shoal Bay,BAY,VARIANT,"",Blackfords Bay,"","","",-31  55  00, 152  29  00,-31  54  54, 152  29  04,"",WINGHAM,9334,"","",           ,   ,    ,  
52924,Shoal Bay,BAY,DISCONTINUED,4th January 1974,Shoal Bay,"","",CLARENCE VALLEY,-29  25  30, 153  22  00,-29  25  24, 153  22  04,YAMBA,WOODBURN,9539,NANEGAI,CLARENCE,"A geographical feature described by Matthew Flinders as a `bay, appearing to be a large extent of shoal water, with channels somewhat deeper in different parts of it`.  The Clarence River enters this bay just north of Yamba.        ",   ,The name was recorded on 12 July 1799 by Matthew Flinders.  It is written in his journal and on his map.  (Mitchell Library microfilm of manuscripts of Flinders journal on the sloop `Norfolk` Reference number FM3/143) ,This name was discontinued in 1974.  The reason for this decision was not recorded in the Board's minutes.  See the agenda for 3 October 1973.
52980,Shuttles Bay,BAY,VARIANT,"",Square Bay,"","","",-33  34  00, 151  08  00,-33  33  54, 151  08  04,"",SYDNEY,9130,"","",           ,   ,    ,  
53064,Simpsons Bay,BAY,ASSIGNED,22nd June 1973,"","","",SUTHERLAND SHIRE,-34  05  00, 151  08  00,-34  04  54, 151  08  04,PORT HACKING,PORT HACKING,9129,WATTAMOLLA,CUMBERLAND,A bay about 2 km S of Burraneer.           ,   ,"Named after George Simpson and his wife Mary and family who settled here in the 1860s, establishing Tyreal House"""," which later became known as Simpsons Hotel at Bonnie Vale. (Sutherland Shire Council) """
53150,Sisters Bay,BAY,ASSIGNED,19th November 1976,"","","",CANADA BAY,-33  51  30, 151  09  30,-33  51  24, 151  09  34,PARRAMATTA RIVER,SYDNEY,9130,CONCORD,CUMBERLAND,A bay within Iron Cove about 5 km WSW of North Sydney.           ,   ,    ,  
53207,Skate Bay,BAY,ASSIGNED,7th September 1976,"","","",PORT STEPHENS,-32  46  00, 152  08  30,-32  45  54, 152  08  34,MORNA POINT,PORT STEPHENS,9332,TOMAREE,GLOUCESTER,A small coastal bay N of Big Rocky and about 4 km NE of Boat Harbour.           ,   ,    ,  
53523,Snails Bay,BAY,ASSIGNED,19th November 1976,"","","",LEICHHARDT,-33  51  00, 151  11  00,-33  50  54, 151  11  04,PARRAMATTA RIVER,SYDNEY,9130,PETERSHAM,CUMBERLAND,A bay within Port Jackson about 1 km WNW of Goat Island.           ,   ,    ,  
54711,Springwood Bay,BAY,ASSIGNED,12th June 1981,"","","",SNOWY RIVER,-36  03  00, 148  44  00,-36  02  54, 148  44  04,OLD ADAMINABY,BERRIDALE,8625,SEYMOUR,WALLACE,A bay within Lake Eucumbene about 2 km ESE of Old Adaminaby Cemetery and about 1 km E of Mays Point.          ,   ,    ,  
54745,Square Bay,BAY,ASSIGNED,19th November 1976,"",Shuttles Bay,"",HORNSBY,-33  34  00, 151  08  00,-33  33  54, 151  08  04,COWAN,SYDNEY,9130,BEROWRA,CUMBERLAND,A bay about 1 km SE by S of Denny Trig. Station and about 2 km NE of Neverfail Bay.          ,   ,Name given because of the boxlike Nature of the bay.    ,  
55049,Stick Bay,BAY,ASSIGNED,12th September 1975,"","","",GREATER TAREE,-32  01  00, 152  32  00,-32  00  54, 152  32  04,HALLIDAYS POINT,FORSTER,9433,BERYAN,GLOUCESTER,"A bay in Khappinghat Creek, situated about 3 km SW by W of Wallabi Point and about 1 km NW by W of Soft Rocks.          ",   ,    ,  
55067,Stinging Tree Bay,BAY,ASSIGNED,21st June 1985,"","","",GREAT LAKES,-32  24  00, 152  21  00,-32  23  54, 152  21  04,MYALL LAKE,BULAHDELAH,9333,TOPI TOPI,GLOUCESTER,A bay situated to the east of Gnahpeang and about 2 km Wbys of Russells Bay.          ,   ,    ,  
55071,Stingray Bay,BAY,ASSIGNED,12th May 1978,"","","",WARRINGAH,-33  38  00, 151  11  00,-33  37  54, 151  11  04,HORNSBY,SYDNEY,9130,BROKEN BAY,CUMBERLAND,A bay off Smiths Creek about 4 km E by S of Berowra.           ,   ,    ,  
55074,Stingray Harbour,BAY,VARIANT,"",Botany Bay,"","","",-33  59  00, 151  11  00,-33  58  54, 151  11  04,"",SYDNEY,9130,"","",           ,   ,    ,  
55079,Stinkpot Bay,BAY,VARIANT,"",Towra Bay,"","","",-34  00  00, 151  09  00,-33  59  54, 151  09  04,"",PORT HACKING,9129,"","",           ,   ,    ,  
55830,Sugar Bay,BAY,ASSIGNED,5th September 1975,"","","",LAKE MACQUARIE,-33  07  00, 151  33  00,-33  06  54, 151  33  04,SWANSEA,LAKE MACQUARIE,9231,WALLARAH,NORTHUMBERLAND,A bay about 1.5 km SE of Morisset Peninsula and about 1 km SW by S of the village of Mirrabooka.          ,   ,    ,  
55876,Sugarloaf Bay,BAY,ASSIGNED,25th July 1975,"",Seal Rocks Bay,"",GREAT LAKES,-32  26  07, 152  31  55,-32  26  01, 152  31  59,SEAL ROCKS,FORSTER,9433,FORSTER,GLOUCESTER,A coastal bay at Seal Rocks about 1 km north west of Sugarloaf Point Lighthouse.          ,   ,    ,  
55877,Sugarloaf Bay,BAY,ASSIGNED,14th January 1977,"","","",WILLOUGHBY,-33  47  00, 151  13  00,-33  46  54, 151  13  04,PARRAMATTA RIVER,SYDNEY,9130,WILLOUGHBY,CUMBERLAND,A bay within Middle Harbour about 2 km E by N of Willoughby.           ,   ,    ,  
56164,Sunshine Bay,BAY,ASSIGNED,8th October 1976,"","","",GOSFORD,-33  31  00, 151  11  30,-33  30  54, 151  11  34,COWAN,SYDNEY,9130,COWAN,NORTHUMBERLAND,A bay about 2 km N by W of Mooney Mooney Point and about 3 km W of Cogra Hill.          ,   ,    ,  
56388,Swan Bay,BAY,ASSIGNED,11th May 1973,"","","",LAKE MACQUARIE,-33  03  40, 151  38  45,-33  03  34, 151  38  49,SWANSEA,LAKE MACQUARIE,9231,KAHIBAH,NORTHUMBERLAND,A Bay in Lake MacQuarie about 3 km NNE of Swansea.           ,   ,    ,  
56389,Swan Bay,BAY,ASSIGNED,21st November 1969,"","","",SHOALHAVEN,-35  07  00, 150  34  00,-35  06  54, 150  34  04,CURRARONG,JERVIS BAY,9027,FARNHAM,ST VINCENT,A bay in St. Georges Basin between Bonito Point and Bream Point aboaut 3 1/2 miles NW of Sussex Inlet.          ,   ,    ,  
56390,Swan Bay,BAY,VARIANT,"",Little Swan Bay,"","","",-32  41  00, 151  57  00,-32  40  54, 151  57  04,"",NEWCASTLE,9232,"","",           ,   ,    ,  
56391,Swan Bay,BAY,VARIANT,"",Big Swan Bay,"","","",-32  43  00, 151  57  00,-32  42  54, 151  57  04,"",NEWCASTLE,9232,"","",           ,   ,    ,  
56539,Symes Bay,BAY,ASSIGNED,25th July 1975,"","","",GREAT LAKES,-32  22  00, 152  30  30,-32  21  54, 152  30  34,SEAL ROCKS,FORSTER,9433,FORSTER,GLOUCESTER,A bay in Smiths lake about 2 km W of Bald Head and about 1.5km north of Bull Island.          ,   ,    ,  
56855,Tamarama Bay,BAY,ASSIGNED,10th June 1977,"",Dixons Bay,"",WAVERLEY,-33  54  00, 151  16  00,-33  53  54, 151  16  04,BOTANY BAY,SYDNEY,9130,ALEXANDRIA,CUMBERLAND,A bay about 2 km SW of Meriverie Pass and about 2 km ESE of Bondi Junction Trig Station.          ,   ,"`A map of the coastline in the 1860's by the Military or Naval Authority showed the name as `Gamma Gamma`, probably a native name`. Dowd BT, Centenary of Waverley 1859-1959).  Letter from Waverley Council, 15 December 1999. ",  
56896,Tambourine Bay,BAY,ASSIGNED,19th November 1976,"","","",LANE COVE,-33  50  00, 151  09  00,-33  49  54, 151  09  04,PARRAMATTA RIVER,SYDNEY,9130,WILLOUGHBY,CUMBERLAND,A bay on Lane Cove River about 3 km E of Gladesville.           ,   ,so named because of 'Tambourine Sal' who resided in the caves there. (Information from RAHS Journal Vol. 31 Part. 5 P. 328)   ,  
56961,Tanilba Bay,BAY,ASSIGNED,21st January 1977,"","","",PORT STEPHENS,-32  43  00, 152  00  00,-32  42  54, 152  00  04,KARUAH,NEWCASTLE,9232,SUTTON,GLOUCESTER,A bay within Port Stephens About 2 km S of Snapper Island.           ,   ,    ,  
57099,Tarban Bay,BAY,ASSIGNED,18th February 1977,"","","",HUNTERS HILL,-33  50  00, 151  08  00,-33  49  54, 151  08  04,PARRAMATTA RIVER,SYDNEY,9130,HUNTERS HILL,CUMBERLAND,A bay into which Tarban Creek flows. Located about 1 km SSW of Linley Point and wkm NE of Henley.          ,   ,    ,  
57109,Tarbuck Bay,BAY,ASSIGNED,14th January 1977,"","",GNB2868,GREAT LAKES,-32  22  00, 152  28  00,-32  21  54, 152  28  04,WOOTTON,BULAHDELAH,9333,FORSTER,GLOUCESTER,A bay in Smiths Lake about 6km S by W of Brushy Point and about 6km SE by S of Pine Hill.          ,   ,    ,  
57207,Tarragal Haven,BAY,VARIANT,"",Tarrigal Haven,"","","",-33  27  00, 151  27  00,-33  26  54, 151  27  04,"",GOSFORD,9131,"","",           ,   ,    ,  
57297,Taylors Bay,BAY,ASSIGNED,19th November 1976,"","","",MOSMAN,-33  50  00, 151  14  00,-33  49  54, 151  14  04,PARRAMATTA RIVER,SYDNEY,9130,WILLOUGHBY,CUMBERLAND,A bay within Port Jackson about 2 km NNE of Clarke Island.           ,   ,so named after LT. James Taylor. (Information from RAHS Journal Vol. 31 Pt. 5 page 332)   ,  
57831,Terrigal Haven,BAY,ASSIGNED,29th August 1975,"",Tarragal Haven; Terrigal Harbour (Msb),GNB307,GOSFORD,-33  27  00, 151  27  00,-33  26  54, 151  27  04,GOSFORD,GOSFORD,9131,KINCUMBER,NORTHUMBERLAND,A bay to the North of Bulbararing Bay and about 4 km SE by S of the Village Matcham.          ,   ,    ,  
58136,The Gulch,BAY,VARIANT,"",Old Gulch,"","",LORD HOWE,-31  32  00, 159  04  00,-31  31  54, 159  04  04,"",LORD HOWE ISLAND,,LORD HOWE ISLAND,LORD HOWE ISLAND,           ,   ,    ,  
58548,Thompsons Bay,BAY,ASSIGNED,23rd November 1973,"","","",SUTHERLAND SHIRE,-33  59  50, 151  03  25,-33  59  44, 151  03  29,BOTANY BAY,SYDNEY,9130,HOLSWORTHY,CUMBERLAND,"A Bay about 2 km South of Peakhurst South,on the Woronora River.           ",   ,    ,  
59418,Tommys Bay,BAY,ASSIGNED,22nd February 1974,"","","",BEGA VALLEY,-36  39  00, 150  00  00,-36  38  54, 150  00  04,BEGA,BEGA,8824,TANJA,DAMPIER,A bay about 1.5 km SW of Middle Lagoon Trig. Station.           ,   ,    ,  
59714,Toowoon Bay,BAY,ASSIGNED,24th October 1975,"",Chinamans Bay,"",WYONG,-33  22  00, 151  30  00,-33  21  54, 151  30  04,GOSFORD,LAKE MACQUARIE,9231,TUGGERAH,NORTHUMBERLAND,A bay about 3 km S of Terilbah Island and about 2 km S by W of Karagi Point.          ,   ,    ,  
59763,Toronto Bay,BAY,ASSIGNED,1st June 1973,"","","",LAKE MACQUARIE,-33  00  40, 151  36  00,-33  00  34, 151  36  04,SWANSEA,LAKE MACQUARIE,9231,AWABA,NORTHUMBERLAND,"A Bay in Lake MacQuarie,about 1 km NNW of Cary Bay.           ",   ,    ,  
59892,Towlers Bay,BAY,DISCONTINUED,31st August 1984,Morning Bay,"","GNB4094,GNB2550","",-33  37  30, 151  17  00,-33  37  24, 151  17  04,"",SYDNEY,9130,"","",           ,   ,"Named after Bill Toler who used to camp in the area.  `Towlers Bay` is shown as the name of the bay on Survey Plan 881/690 of Portion 13, Parish of Broken Bay, which was prepared in 1865.  ",See history for the bay named `Morning Bay`.  
59928,Townsons Bay,BAY,VARIANT,"",Kogarah Bay,"","","",-33  59  00, 151  07  00,-33  58  54, 151  07  04,"",PORT HACKING,9129,"","",           ,   ,    ,  
59930,Towra Bay,BAY,ASSIGNED,5th July 1985,"",Stinkpot Bay,"",SUTHERLAND SHIRE,-34  00  00, 151  09  00,-33  59  54, 151  09  04,PORT HACKING,PORT HACKING,9129,SUTHERLAND,CUMBERLAND,A bay about 2 km E by S of Sandringham and about 1 km SW by S of Towra Point.          ,   ,    ,  
59967,Trafalgar Bay,BAY,VARIANT,"",Pinta Bay,"","","",-33  36  00, 151  12  00,-33  35  54, 151  12  04,"",SYDNEY,9130,"","",           ,   ,    ,  
59998,Tranquillity Bay,BAY,ASSIGNED,28th January 1972,"","",GNB780,SHOALHAVEN,-35  37  00, 150  20  00,-35  36  54, 150  20  04,KIOLOA,BATEMANS BAY,8926,KIOLOA,ST VINCENT,"Bay on E coast of N.S.W. in which Pebbly Beach is situated, being about 3 km (2 miles) N by E of Point Upright and about 6.5 km (4 miles) E of East Lynne.         ",   ,    ,  
60080,Trial Bay,BAY,ASSIGNED,17th September 1971,"","",GNB4395,KEMPSEY,-30  53  00, 153  03  00,-30  52  54, 153  03  04,SOUTH WEST ROCKS,NAMBUCCA,9536,ARAKOON,MACQUARIE,A north facing bay in the Tasman Sea at South West Rocks.  It extends westwards from Laggers Point to the mouth of the Macleay River.          ,   ,"The bay obtains its name from the brig 'Trial' which was seized by convicts in Port Jackson on 12-Sep-1816 and subsequently abandoned in the bay. It was found by the armed brig 'Lady Nelson'. No trace was found of the convicts or their hostages.  Shipwreck Atlas of NSW, 2nd Ed 1995, Dept of Urban Affairs and Planning.",  
60216,Trutes Bay,BAY,ASSIGNED,24th December 1970,"","","",TWEED,-28  13  00, 153  31  00,-28  12  54, 153  31  04,TWEED HEADS,TWEED HEADS,9641,TERRANORA,ROUS,Bay in Terranora Broadwater west of Banora Point.           ,   ,    ,  
60332,Tuggerah Bay,BAY,ASSIGNED,20th February 1976,"","","",WOLLONGONG,-34  29  00, 150  51  30,-34  28  54, 150  51  34,WOLLONGONG,WOLLONGONG,9029,WOLLONGONG,CAMDEN,A bay on the northern side of Lake Illawarra bounded on the east by Wollamai Point and on the west by Boat Harbour.          ,   ,    ,  
60834,Two Dollar Bay,BAY,ASSIGNED,20th June 1975,"","","",GOSFORD,-33  28  00, 151  13  30,-33  27  54, 151  13  34,GUNDERMAN,GOSFORD,9131,COWAN,NORTHUMBERLAND,A bay in Mooney Mooney Creek about 5 km NE by E of Lily Hill and about 4 km S of the locality of Calga.          ,   ,    ,  
60837,Twofold Bay,BAY,ASSIGNED,24th April 1975,"","","",BEGA VALLEY,-37  04  00, 149  54  00,-37  03  54, 149  54  04,EDEN,EDEN,8823,EDEN,AUCKLAND,"A Bay near the town of Eden, contained between Worang Point and Red Point.          ",   ,    ,  
61554,Vaucluse Bay,BAY,ASSIGNED,16th July 1976,"","","",WOOLLAHRA,-33  51  00, 151  16  00,-33  50  54, 151  16  04,SYDNEY HEADS,SYDNEY,9130,ALEXANDRIA,CUMBERLAND,A bay within Sydney Harbour about 2 km NE of Woollahra Point.           ,   ,    ,  
61671,Village Bay,BAY,ASSIGNED,11th May 1973,"","","",LAKE MACQUARIE,-33  03  20, 151  39  00,-33  03  14, 151  39  04,SWANSEA,LAKE MACQUARIE,9231,KAHIBAH,NORTHUMBERLAND,A Bay within Lake Mac Quarie about 5 km East of Belmonty.           ,   ,    ,  
61925,Wainui Bay,BAY,ASSIGNED,12th June 1981,"","","",SNOWY RIVER,-36  09  00, 148  43  00,-36  08  54, 148  43  04,NIMMO PLAIN,BERRIDALE,8625,EUCUMBENE,WALLACE,A bay with in Lake Eucumbene about 6 km NE by E of Biggam North (Trig. Station) and about 8 km NNE of Biggam (Trig. Station)          ,   ,    ,  
62079,Wallabi Bay,BAY,ASSIGNED,12th September 1975,"",Wallaby Bay,"",GREATER TAREE,-32  00  30, 152  33  00,-32  00  24, 152  33  04,HALLIDAYS POINT,FORSTER,9433,BERYAN,GLOUCESTER,"A bay in Khappinghat Creek, situated about 2 km W by S of Wallabi Point and about 2km N by W of Soft Rocks.          ",   ,    ,  
62082,Wallaby Bay,BAY,VARIANT,"",Wallabi Bay,"","","",-32  00  30, 152  33  00,-32  00  24, 152  33  04,"",FORSTER,9433,"","",           ,   ,    ,  
62114,Wallaby Joes Bay,BAY,ASSIGNED,14th January 1977,"","","",GREAT LAKES,-32  28  00, 152  17  00,-32  27  54, 152  17  04,MYALL LAKE,BULAHDELAH,9333,EURUNDEREE,GLOUCESTER,A bay situated in Boolambayte Lake. It is about 3 km W by N of Sheep Island and about 2 km SSW of Clarks Bay.          ,   ,Named after the chief of an aboriginal tribe in the area.    ,  
62431,Walsh Bay,BAY,ASSIGNED,19th November 1976,"","","",SYDNEY,-33  51  00, 151  12  00,-33  50  54, 151  12  04,PARRAMATTA RIVER,SYDNEY,9130,ST PHILIP,CUMBERLAND,A bay within Port Jackson about 1 km S of the suburb McMahons Point.           ,   ,"Named after Henry Deane Walsh, Engineer-in-chief of the Sydney Harbour Trust. (Maritime Services Board, 'Port of Sydney' Vol 9, No.3. Sept 1965.) RAHS Vol.31 P.320  ",  
62539,Wamwarra Bay,BAY,ASSIGNED,14th January 1977,"","","",GREAT LAKES,-32  23  00, 152  28  00,-32  22  54, 152  28  04,MYALL LAKE,BULAHDELAH,9333,FORSTER,GLOUCESTER,A bay in Smiths Lake  about 3 km E by N of Bungwahl Trig. Station and about 2 km NW of Horse Point.          ,   ,    ,  
62670,Wangi Wangi Bay,BAY,ASSIGNED,1st June 1973,"","","",LAKE MACQUARIE,-33  04  10, 151  35  00,-33  04  04, 151  35  04,SWANSEA,LAKE MACQUARIE,9231,AWABA,NORTHUMBERLAND,A bay off Lake Macquarie about 2 km SW by W of Fishing Station Point and about 2km SSE of Buttaba.          ,   ,    ,  
62678,Wangrabelle Bay,BAY,ASSIGNED,12th June 1981,"","","",SNOWY RIVER,-36  02  00, 148  40  00,-36  01  54, 148  40  04,OLD ADAMINABY,BERRIDALE,8625,SEYMOUR,WALLACE,A bay within Lake Eucumbene about 3 km N by E of Grace Lea Island and about 3 km WNW of Adaminaby.          ,   ,    ,  
62756,Waratah Bay,BAY,ASSIGNED,3rd September 1976,"","","",HORNSBY,-33  38  00, 151  10  00,-33  37  54, 151  10  04,HORNSBY,SYDNEY,9130,SOUTH COLAH,CUMBERLAND,A bay about 3km WNW of Mount Murray Anderson and about 1km N of Lords Bay.          ,   ,    ,  
62850,Wares Bay,BAY,VARIANT,"",Wears Bay,"","","",-32  26  00, 152  17  00,-32  25  54, 152  17  04,"",BULAHDELAH,9333,"","",           ,   ,    ,  
62920,Warners Bay,BAY,ASSIGNED,11th May 1973,"","","",LAKE MACQUARIE,-32  58  50, 151  38  40,-32  58  44, 151  38  44,WALLSEND,NEWCASTLE,9232,AWABA,NORTHUMBERLAND,A bay within Lake Macquarie about 1 km North of Eleebana.           ,   ,    ,  
63356,Waterfall Bay,BAY,ASSIGNED,2nd January 1987,"","","",GOSFORD,-33  28  00, 151  18  00,-33  27  54, 151  18  04,GOSFORD,GOSFORD,9131,PATONGA,NORTHUMBERLAND,A small bay off of Woy Woy Bay situated about 1 km SW of Koolewong and about 3 km 5 by W of Tascott.          ,   ,    ,  
63415,Waterhen Bay,BAY,ASSIGNED,12th June 1981,"",Water Hen Bay,"",SNOWY RIVER,-36  03  00, 148  39  00,-36  02  54, 148  39  04,OLD ADAMINABY,BERRIDALE,8625,SEYMOUR,WALLACE,A bay within Lake Eucumbene about 4 km W of Township Point and about 2 km N of Grace Lea Island.          ,   ,    ,  
63487,Waterview Bay,BAY,VARIANT,"",Mort Bay,"","","",-33  51  00, 151  11  00,-33  50  54, 151  11  04,"",SYDNEY,9130,"","",           ,   ,    ,  
63502,Watsons Bay,BAY,ASSIGNED,16th July 1976,"","","",WOOLLAHRA,-33  51  00, 151  17  00,-33  50  54, 151  17  04,SYDNEY HEADS,SYDNEY,9130,ALEXANDRIA,CUMBERLAND,A bay within Sydney Harbour which is entered between Bottle and Glass Point and Laings Point.          ,   ,"Was named after Robert Watson,Quartermastermaster of H.M.S'Sirius'. It is said that Watsons Bay was once the hunting grounds of aborigines becauseof rock carvings and smoke blackened caved,and they called it 'Kooti'. Maritime Services Board,Port of Sydney, Vo19 No2 Sept 1965. ",  
63735,Wearne Bay,BAY,ASSIGNED,23rd November 1973,"","","",SUTHERLAND SHIRE,-33  59  50, 151  02  50,-33  59  44, 151  02  54,BOTANY BAY,SYDNEY,9130,SUTHERLAND,CUMBERLAND,"A bay on Georges River, about 2km ESE of Great Moon Bay, and about 2km W by S of Gunyah Bay.          ",   ,    ,  
63739,Wears Bay,BAY,ASSIGNED,21st June 1985,"",Wares Bay,"",GREAT LAKES,-32  26  00, 152  17  00,-32  25  54, 152  17  04,MYALL LAKE,BULAHDELAH,9333,BULAHDELAH,GLOUCESTER,A bay situated about 5 km SE by S of Boolambayte and about 3.5km NW of Violet Hill (locality).          ,   ,The nearby portion 30 & 31 were presented to William Wear and portion 78 to John Wear.   ,  
63857,Weeney Bay,BAY,ASSIGNED,4th May 1973,"","","",SUTHERLAND SHIRE,-34  01  00, 151  10  00,-34  00  54, 151  10  04,PORT HACKING,PORT HACKING,9129,SUTHERLAND,CUMBERLAND,A bay in the Georges River about 3.5 km SE of Sandringham.           ,   ,    ,  
64050,Wentworth Bay,BAY,ASSIGNED,19th November 1976,"","","",CANADA BAY,-33  50  12, 151  04  35,-33  50  06, 151  04  39,PARRAMATTA RIVER,SYDNEY,9130,CONCORD,CUMBERLAND,A small bay within Homebush Bay at the mouth of Haslams Creek about 1100m south west of Rhodes Railway station.          ,   ,named after D'Arcy Wentworth. (Information from RAHS Journal Vol. 31 Pt. 5 Page 325)   ,  
64161,West Bay,BAY,VARIANT,"",Hunter Bay,"","",LORD HOWE,-31  31  00, 159  03  00,-31  30  54, 159  03  04,"",LORD HOWE ISLAND,,LORD HOWE ISLAND,LORD HOWE ISLAND,           ,   ,    ,  
64543,White Bay,BAY,ASSIGNED,19th November 1976,"","","",LEICHHARDT,-33  50  00, 151  10  00,-33  49  54, 151  10  04,PARRAMATTA RIVER,SYDNEY,9130,PETERSHAM,CUMBERLAND,A bay within Johnstons Bay about 1 km W of Darling Island (locality).           ,   ,"It is thought that it was named after John White from the 1st Fleet who was a surgeon. Maritime Services Board, 'Port of Sydney'. Vol 9, No, 3. Sept 1965.  ",  
64680,White Tree Bay,BAY,ASSIGNED,12th November 1976,"","","",GREAT LAKES,-32  32  00, 152  19  00,-32  31  54, 152  19  04,BOMBAH POINT,PORT STEPHENS,9332,EURUNDEREE,GLOUCESTER,A bay about 3 km NE by E of Tamboy.           ,   ,    ,  
65143,Willoughby Bay,BAY,ASSIGNED,19th November 1976,"","","",NORTH SYDNEY,-33  49  00, 151  13  00,-33  48  54, 151  13  04,PARRAMATTA RIVER,SYDNEY,9130,WILLOUGHBY,CUMBERLAND,A bay within Long Bay about 1 km N of Cremorone.           ,   ,"so named after a Mr. Willoughby, an Under-Secretary. But this is disputed in Pt. 6 page 333, 401. (Information from RAHS Journal Vol. 31 Pt. 5  ",  
65153,Willow Bay,BAY,ASSIGNED,12th June 1981,"","","",SNOWY RIVER,-36  24  00, 148  38  00,-36  23  54, 148  38  04,JINDABYNE,BERRIDALE,8625,TOWNSEND,WALLACE,A bay on Lake Jindabyne about 2 km W of Jinderboine (Trig. Station) and 1 km SSE of McEvoy Island.          ,   ,    ,  
65347,Windang Bay,BAY,ASSIGNED,29th June 1973,"","","",SHELLHARBOUR,-34  33  00, 150  52  30,-34  32  54, 150  52  34,ALBION PARK,KIAMA,9028,TERRAGONG,CAMDEN,A bay S of Windang Island and about 3 km N by E of the town of Shellharbour.          ,   ,    ,  
65514,Winney Bay,BAY,ASSIGNED,29th August 1975,"","","",GOSFORD,-33  29  00, 151  26  30,-33  28  54, 151  26  34,GOSFORD,GOSFORD,9131,KINCUMBER,NORTHUMBERLAND,A bay about 5 km ESE of the village of Kincumber and about 5 km SSW of Wamberal Point.          ,   ,    ,  
65667,Wobbegong Bay,BAY,ASSIGNED,9th July 1982,"","","",EUROBODALLA,-35  40  00, 150  18  00,-35  39  54, 150  18  04,DURRAS,BATEMANS BAY,8926,BENANDARAH,ST VINCENT,a bay which lies between Wasp Head and Emily Miller Beach and about 1400 metres SE of E of Durras.          ,   ,    ,  
65668,Wobbegong Bay,BAY,ASSIGNED,12th November 1976,Wobbegong Bay,Duckholes Bay,"",PORT STEPHENS,-32  40  00, 152  07  00,-32  39  54, 152  07  04,PORT STEPHENS,PORT STEPHENS,9332,TOMAREE,GLOUCESTER,A bay within Pindimar Bay about 4 km W by N of Tea Gardens.           ,   ,    ,  
65812,Wollstonecraft Bay,BAY,ASSIGNED,19th November 1976,"",Kerosene (Wollstonecraft) Bay; Kerosene Bay Nr.,"",NORTH SYDNEY,-33  50  00, 151  11  00,-33  49  54, 151  11  04,PARRAMATTA RIVER,SYDNEY,9130,WILLOUGHBY,CUMBERLAND,A bay within Balls Head Bay about 1 km N of Balls Head.           ,   ,    ,  
65934,Womin Bay,BAY,VARIANT,"",Wommin Bay,"","","",-28  14  00, 153  34  00,-28  13  54, 153  34  04,"",TWEED HEADS,9641,"","",           ,   ,    ,  
65939,Wommin Bay,BAY,ASSIGNED,23rd November 1973,"",Womin Bay,"",TWEED,-28  14  00, 153  34  00,-28  13  54, 153  34  04,TWEED HEADS,TWEED HEADS,9641,TERRANORA,ROUS,A bay in the coastline between Fingal Head and Cudgen Headland.           ,Word may relate to women as in Minyangbul 'wumin' for man's wife's father. (Reference as above).  ,"Aboriginal. Mentioned in early European records. When asked about the name, Aborigines in those early times said they did not know the origin of the name and suggested it belonged to people who occupied the area before they had. (Richmond Tweed Regional Library. 1984). ",  
66050,Woonulla Bay,BAY,ASSIGNED,18th July 1980,"",Wonulla Bay,GNB1281,GWYDIR,-29  55  00, 150  58  00,-29  54  54, 150  58  04,BINGARA,BINGARA,9038,MEHI,MURCHISON,A bay in Copeton Lake. Situated about 5 km ESE of Copeton Dam and about 1.5 km S of Malacca Point.          ,   ,Named after a property innundated by the water behind Copeton Dam.    ,  
66076,Wood Duck Bay,BAY,ASSIGNED,12th June 1981,"","","",SNOWY RIVER,-36  06  00, 148  34  00,-36  05  54, 148  34  04,OLD ADAMINABY,BERRIDALE,8625,ADDICUMBENE,WALLACE,"A bay within Lake Eucumbene, about 5 km E by S of Adaminaby (Trig. Station) and about 1 km NW of Hallstrom Island.          ",   ,    ,  
66099,Woodford Bay,BAY,ASSIGNED,19th November 1976,"","","",LANE COVE,-33  50  00, 151  10  00,-33  49  54, 151  10  04,PARRAMATTA RIVER,SYDNEY,9130,WILLOUGHBY,CUMBERLAND,A bay on Lane Cove River about 2 km N of Cockatoo Island.           ,   ,    ,  
66191,Woody Bay,BAY,ASSIGNED,4th January 1974,"","","",CLARENCE VALLEY,-29  22  00, 153  22  00,-29  21  54, 153  22  04,WOOMBAH,WOODBURN,9539,NANEGAI,CLARENCE,A costal Bay NW of Woody Head about 4km East of Humbug Bend(Locality).           ,   ,    ,  
66243,Wooli Bay,BAY,DISCONTINUED,"","","","","",-29  26  30, 153  22  00,-29  26  24, 153  22  04,"",WOODBURN,9539,"","",           ,   ,    ,  
66295,Woolloomooloo Bay,BAY,ASSIGNED,19th November 1976,"",Palmers Cove,"",SYDNEY,-33  51  00, 151  13  00,-33  50  54, 151  13  04,PARRAMATTA RIVER,SYDNEY,9130,ST JAMES,CUMBERLAND,A bay within Port Jackson about 4 km SW by S of Mosman.           ,   ,"This is the result of the corruption of 'Walla-oo-mulla' the name used by aborigines. In the early days it was known as Palmers Cove. (Maritime Services Board, Port of Sydney Vol 9 No 2 Sept 1965)  ",  
66300,Woolooware Bay,BAY,ASSIGNED,4th May 1973,"","","",SUTHERLAND SHIRE,-34  02  00, 151  09  00,-34  01  54, 151  09  04,PORT HACKING,PORT HACKING,9129,SUTHERLAND,CUMBERLAND,A bay on the Georges River between Taren Point and Pelican Point about 2.5 km N by W of Woolooware.          ,   ,    ,  
66395,Wonulla Bay,BAY,VARIANT,"",Woonulla Bay,"","","",-29  55  00, 150  58  00,-29  54  54, 150  58  04,"",BINGARA,9038,"","",           ,   ,    ,  
66504,Woy Woy Bay,BAY,ASSIGNED,4th January 1974,"","","",GOSFORD,-33  28  50, 151  18  53,-33  28  44, 151  18  57,GOSFORD,GOSFORD,9131,PATONGA,NORTHUMBERLAND,A bay within Brisbane Water about 1 km NW of Woy Woy.           ,   ,    ,  
66520,Wreck Bay,BAY,ASSIGNED,21st November 1969,"","Red Head,; Swan Lake,; Cudmirrah,; Sussex Haven","",SHOALHAVEN,-35  11  00, 150  39  00,-35  10  54, 150  39  04,CURRARONG,JERVIS BAY,9027,BHERWERRE,ST VINCENT,A bay in S coast formed by the Tasman Sea flanked on the east by St. Georges Head and on the west by Sussex Inlet.          ,   ,so named due to frequency of ships being wrecked there. (Information from Shoalhaven - W.A. Bayley. P. 32)   ,"The name Wreck Bay replaced the names of Red Head,Swan Lake,Cudmirrah and Susse Haven.Cambage noted that the 'Juniper' was wrecked there in 1850.Also the 'Walter Hood' was wrecked there in 1870,and the"
66661,Wyee Bay,BAY,ASSIGNED,2nd July 1971,"","","",LAKE MACQUARIE,-33  09  00, 151  32  00,-33  08  54, 151  32  04,CATHERINE HILL BAY,LAKE MACQUARIE,9231,WALLARAH,NORTHUMBERLAND,Bay in Lake Macquarie entered between Wyee Point and Vales Point.           ,   ,    ,  
66772,Yacht Bay,BAY,ASSIGNED,19th November 1976,"","","",LANE COVE,-33  50  00, 151  09  00,-33  49  54, 151  09  04,PARRAMATTA RIVER,SYDNEY,9130,WILLOUGHBY,CUMBERLAND,A bay on Lane Cove River about 1 km E of Hunters Hill.           ,   ,named as stated. (Information from RAHS Journal Vol. 31 Pt. 5 Page 328)   ,  
66842,Yallah Bay,BAY,ASSIGNED,29th June 1973,"","","",WOLLONGONG,-34  31  30, 150  49  00,-34  31  24, 150  49  04,ALBION PARK,KIAMA,9028,CALDERWOOD,CAMDEN,A bay about 4 km N of the town of Oak Flars and about 5 km W by N of Windang.          ,   ,    ,  
67096,Yaralla Bay,BAY,ASSIGNED,17th May 2002,"","","",CANADA BAY,-33  50  30, 151  06  00,-33  50  24, 151  06  04,PARRAMATTA RIVER,SYDNEY,9130,CONCORD,CUMBERLAND,A bay on Parramatta River about 1 km W by S of Putney Point.           ,   ,    ,  
67108,Yarra Bay,BAY,ASSIGNED,9th March 1973,"","",GNB983,RANDWICK,-33  59  00, 151  14  00,-33  58  54, 151  14  04,BOTANY BAY,SYDNEY,9130,BOTANY,CUMBERLAND,"An indentation on the NE shoreline of Botany Bay, near the suburb of Phillip Bay, and 1 km NNW of the suburb of La Perouse.          ",   ,    ,  
67553,Yeomans Bay,BAY,ASSIGNED,8th October 1976,"","","",PITTWATER,-33  37  00, 151  13  30,-33  36  54, 151  13  34,COWAN,SYDNEY,9130,BROKEN BAY,CUMBERLAND,A bay about 5 km ESE of Cowan and about 2 km West of Wallaroo Trig. Station.          ,   ,    ,  
67669,Yooralla Bay,BAY,ASSIGNED,22nd December 1967,"",Yooralla Lake,"",SHOALHAVEN,-35  16  00, 150  27  00,-35  15  54, 150  27  04,MILTON,ULLADULLA,8927,CONJOLA,ST VINCENT,A bay in the south western shore of the southern branch of Conjola Lake. It is about 1.5 km east by north of Yatteyattah.          ,   ,    ,  
67670,Yooralla Lake,BAY,VARIANT,"",Yooralla Bay,"","","",-35  16  00, 150  27  00,-35  15  54, 150  27  04,"",ULLADULLA,8927,"","",           ,   ,    ,  
67761,Yowie Bay,BAY,ASSIGNED,22nd June 1973,"",Ewey Bay,"",SUTHERLAND SHIRE,-34  03  00, 151  06  00,-34  02  54, 151  06  04,PORT HACKING,PORT HACKING,9129,SUTHERLAND,CUMBERLAND,A bay in Port Hacking about 2.5 km NNW of Lilli Pilli.           ,   ,    ,  
71688,Meads Bay,BAY,ASSIGNED,20th May 1988,"",Fairhaven Inlet,"",BEGA VALLEY,-36  23  00, 150  03  00,-36  22  54, 150  03  04,BERMAGUI,NAROOMA,8925,BERMAGUI,DAMPIER,A bay in Wallaga Lake located to the SW of Fairhaven and about 4km NNW of Bermagui.          ,   ,    ,  
71702,Mill Bay,BAY,ASSIGNED,30th September 1988,"","","",EUROBODALLA,-36  12  00, 150  07  00,-36  11  54, 150  07  04,NAROOMA,NAROOMA,8925,WAGONGA,DAMPIER,A small bay on the north side of Wagonga Inlet. Located 1 km west north west of Wagonga Head and 1 km south west of Kianga Point.          ,   ,A small sawmill used to stand on the west side of this bay in the 1920's.   ,  
71998,Tharawal Bay,BAY,VARIANT,14th August 1987,Dhurawal Bay,"","","",-33  54  00, 150  58  00,-33  53  54, 150  58  04,"",PENRITH,9030,"","",           ,   ,    ,  
72004,The Broadwater,BAY,VARIANT,30th September 1988,Tuross Broadwater,"","","",-36  02  00, 150  06  00,-36  01  54, 150  06  04,"",NAROOMA,8925,"","",           ,   ,    ,  
72021,Thompsons Bay,BAY,VARIANT,11th March 1988,Gordons Bay,"","","",-33  55  00, 151  15  00,-33  54  54, 151  15  04,"",SYDNEY,9130,"","",           ,   ,    ,  
72044,Tuross Broadwater,BAY,ASSIGNED,30th September 1988,"",The Broadwater,"",EUROBODALLA,-36  02  00, 150  06  00,-36  01  54, 150  06  04,BODALLA,NAROOMA,8925,BODALLA,DAMPIER,A large bay forming the northern part of Tuross Lake. Located about 3 km north west of Tuross Head.          ,   ,    ,  
72063,Wallumatta Bay,BAY,ASSIGNED,11th December 1987,"","",GNB3080,HUNTERS HILL,-33  50  00, 151  08  00,-33  49  54, 151  08  04,PARRAMATTA RIVER,SYDNEY,9130,CONCORD,CUMBERLAND,"A bay off the Parramatta River, at Henley, NW of Five Dock Bay and NNE of Abbotsford Bay.          ",   ,"A name of an aboriginal tribe, living on the north side of Parramatta River. An aboriginal name. See 'Australian Dictionary of Dates' by T.J. Heaton.  ",  
72395,Newtons Bay,BAY,ASSIGNED,15th September 1989,"","","",YASS VALLEY,-34  56  10, 148  45  50,-34  56  04, 148  45  54,YASS,YASS,8628,WARROO,MURRAY,"A bay, part of the northern foreshore of Lake Burrinjuck, about 1km N of Narrangullen Island, and about 2km E of Rock Point.  It is situated on Lake Burrinjuck.         ",   ,    ,  
72449,Scotts Bay,BAY,ASSIGNED,2nd June 1989,"","","",BEGA VALLEY,-36  47  00, 149  55  00,-36  46  54, 149  55  04,WOLUMLA,BEGA,8824,BOURNDA,AUCKLAND,A small bay on the SW foreshores of Wallagoot Lake. About 1km N by NW of Bondi Lake and 500m NW of Hobart Beach.          ,   ,An early settler by the name of Scott came from England. (about 1870) cleared the land and established an orchard at this location. A hut also appears at that bay known as Scotts Hut.  ,  
72497,Wild Horse Bay,BAY,ASSIGNED,2nd June 1989,"","","",BEGA VALLEY,-36  44  00, 149  59  00,-36  43  54, 149  59  04,BEGA,BEGA,8824,WALLAGOOT,AUCKLAND,A coastal bay within Bournda State Recreational Area south of Wild Horse Point and N of Boulder Bay about 2km S of Tathra.          ,   ,    ,  
73627,Pelican Bay,BAY,ASSIGNED,18th September 1992,"",Back Channel,GNB3672,HASTINGS,-31  25  20, 152  53  55,-31  25  14, 152  53  59,PORT MACQUARIE,KEMPSEY,9435,MACQUARIE,MACQUARIE,Area of waterway being part of Hastings River bounded on the east by Pelican Island and located south of Settlement Point.          ,   ,"Descriptive, a large flock of pelicans frequent this area on a year round basis and the area is located adjacent to Pelican Island.   ",  
75441,Storm Bay,BAY,DEFERRED,30th September 1992,"","",GNB3930,KIAMA,-34  40  00, 150  52  00,-34  39  54, 150  52  04,KIAMA,KIAMA,9028,KIAMA,CAMDEN,A bay a 0.5 km north of Church Point           ,   ,    ,  
78654,The Gut,BAY,ASSIGNED,10th March 1995,"","",GNB4112,EUROBODALLA,-36  14  59, 150  13  28,-36  14  53, 150  13  32,NAROOMA,NAROOMA,8925,NAROOMA,DAMPIER,The major bay area on the western side of Montague Island that effectively divides the island into two sections.  The centre of the bay is 400 m north west of the Montague Island Lighthouse.         ,   ,"Locally used name to identify the bay, now included in the Montague Island Nature Reserve Draft Plan of Management.   ",Name is used for marine management purposes.  
78655,Old Jetty Bay,BAY,ASSIGNED,25th January 1996,"","",GNB4112,EUROBODALLA,-36  15  23, 150  13  21,-36  15  17, 150  13  25,CENTRAL TILBA,NAROOMA,8925,NAROOMA,DAMPIER,A bay on the western side of the southern section of Montague Island. The small bay has a NW aspect and is situated between the Island proper and a rock outcrop.         ,   ,Site of the original jetty which served the lighthouse.  The jetty was in use until 1964 when it was replaced by a jetty and crane facility in Jetty Bay.  ,Name is used for marine management purposes.  
78834,Merimbula Bay,BAY,ASSIGNED,22nd March 1996,"","",GNB4230,BEGA VALLEY,-36  56  00, 149  55  00,-36  55  54, 149  55  04,PAMBULA,BEGA,8824,PAMBULA,AUCKLAND,A Bay situated about 3 km south of the town of Merimbula and lying between Merimbula Point and Haycock Point.          ,   ,    ,  
79086,Quiberie Bay,BAY,VARIANT,"",Lavender Bay,"","","",-33  50  00, 151  12  00,-33  49  54, 151  12  04,"",SYDNEY,9130,"","",           ,   ,    ,  
80418,Margarets Bay,BAY,ASSIGNED,17th December 1999,"","",GNB4684,LAKE MACQUARIE,-33  05  43, 151  37  28,-33  05  37, 151  37  32,SWANSEA,LAKE MACQUARIE,9231,WALLARAH,NORTHUMBERLAND,"A bay in Lake Macquarie adjacent to Galgabba Point and Parbury Park reserve, .5 km west of Old Pacific Hwy, Swansea South.          ",   ,"Old Margaret, known as the 'last' of the Lake Macquarie district Awabakal aboriginal tribe (Margaret was the wife of 'Ned' who gave his name to Lake Macquarie's Black Ned's Bay and Black Ned's Point). Margaret lived in a small hut on what is now known as 'Parbury Park' until her death at Newcastle hospital in the year 1900.",  
80991,Moore Bay,BAY,ASSIGNED,24th August 2001,"","",GNB4819,SINGLETON,-32  20  30, 151  16  42,-32  20  24, 151  16  46,CARROWBROOK,CAMBERWELL,9133,SHENSTONE,DURHAM,A bay adjacent to Richards Point within Lake St Clair.           ,   ,Part of Singleton Shire Council's naming of geographical features around the Lake St Clair area. Named after the Moore family.   ,The Moore family was displaced when the Lake filled in the mid 1980's. 
82284,Tumbalong,BAY,DUALASSIGNED,7th January 2005,Darling Harbour,Tumbalong; Tuombalong; Cockle Bay,GNB5005,LEICHHARDT,-33  52  06, 151  11  56,-33  52  00, 151  12  00,PARRAMATTA RIVER,SYDNEY,9130,PETERSHAM,CUMBERLAND,A port within Port Jackson about 4 km S of Crows Nest. This feature is dual named.          ,   ,Tumbalong is the Aboriginal name for Darling Harbour. The name was chosen in consultation with Sydney Aboriginal communities.  ,  
82315,Sandfly Bay,BAY,ASSIGNED,20th August 2004,"","","",BEGA VALLEY,-36  41  00, 149  59  00,-36  40  54, 149  59  04,BEGA,BEGA,8824,TANJA,DAMPIER,A small bay within Nelson Lagoon approx 1 km WNW of Baronda Head.           ,   ,    ,  
82316,Stinking Bay,BAY,ASSIGNED,20th August 2004,"","","",BEGA VALLEY,-36  39  00, 150  00  00,-36  38  54, 150  00  04,BEGA,BEGA,8824,TANJA,DAMPIER,A bay situated approx 1 km NNE of Dori Bay and about 1 km S of Penders Beach.          ,   ,    ,  
83068,Serenity Bay,BAY,ASSIGNED,4th April 2008,"","",GNB5097,COFFS HARBOUR,-30  10  38, 153  11  19,-30  10  32, 153  11  23,MOONEE BEACH,COFFS HARBOUR,9537,MOONEE,FITZROY,A bay containing Shelly Beach located between Dammerels Head and Look At Me Now Headland near the suburb of Signal Hill.          ,   ,    ,  
83431,Winji Jimmi Bay,BAY,ASSIGNED,18th June 2010,"","",GNB5112,PITTWATER,-33  39  58, 151  18  30,-33  39  52, 151  18  34,MONA VALE,SYDNEY,9130,NARRABEEN,CUMBERLAND,A bay situated 500m E of Winererremy Bay and 250m S of Old Mangrove Bay at Pittwater in the suburb of Mona Vale.          ,   ,    ,  
83663,Pratt Bay,BAY,ASSIGNED,19th August 2011,"","",GNB5477,WARRINGAH,-33  37  00, 151  12  26,-33  36  54, 151  12  30,COWAN,SYDNEY,9130,BROKEN BAY,CUMBERLAND,A small bay located 200m S of Cottage Point near the confluence of Coal and Candle Creek and Cowan Creek in the locality of Cottage Point          ,   ,Recognises the long standing association of four generations of Pratt family to Church Point.  Violet and George Pratt purchased Por 3 DP 11177 in June 1932 as part of the subdivision of James Terrey's original 1879 Crown land grant of 100 acres.The family has helped with the public water supply in the 1970s and continue to maintain the Bay.,  
84491,The Boneyard,BAY,RECORDED,9th December 2016,"","",GNB5831,KIAMA,-34  39  03, 150  51  33,-34  38  57, 150  51  37,KIAMA,KIAMA,9028,KIAMA,CAMDEN,For a bay located to the west of Bombo Headland and south east of Cathedral Rocks in the locality of Bombo.          ,   ,The bay is fronted by rocks and reefs and is a well-documented surfing location.   ,  
84733,Myles Bay,BAY,PROPOSED,"","","",GNB5939,LITHGOW,-33  25  23,  ,-33  25  17,  ,LITHGOW,WALLERAWANG,8931,LIDSDALE,COOK,An inlet on the eastern shore of Lake Wallace approx 315m north of Rocky Waterhole Drive in the locality of Wallerawang.          ,   ,"According to historian Jim Smith, James Walkers cousin Thomas Archer came to know and respect Myles ('King' Miles or My-ill) who was an Aboriginal leader in the Wallerawang district  ",  
